Group,Scenario,Year,Cumulative discounted (£),Cumulative undiscounted (£)
Worked technology option,A1 — Gas district reference (not low-carbon),0,-19263091.23,-19263091.23
Worked technology option,A1 — Gas district reference (not low-carbon),1,-19338126.57,-19346005.28
Worked technology option,A1 — Gas district reference (not low-carbon),2,-19233993.88,-19218856.67
Worked technology option,A1 — Gas district reference (not low-carbon),3,-19029476.03,-18942914.51
Worked technology option,A1 — Gas district reference (not low-carbon),4,-18844392.0,-18666972.35
Worked technology option,A1 — Gas district reference (not low-carbon),5,-18676895.14,-18391030.19
Worked technology option,A1 — Gas district reference (not low-carbon),6,-18525314.28,-18115088.03
Worked technology option,A1 — Gas district reference (not low-carbon),7,-18388137.02,-17839145.87
Worked technology option,A1 — Gas district reference (not low-carbon),8,-18263994.71,-17563203.72
Worked technology option,A1 — Gas district reference (not low-carbon),9,-18151648.72,-17287261.56
Worked technology option,A1 — Gas district reference (not low-carbon),10,-18049978.15,-17011319.4
Worked technology option,A1 — Gas district reference (not low-carbon),11,-17957968.58,-16735377.24
Worked technology option,A1 — Gas district reference (not low-carbon),12,-17874702.0,-16459435.08
Worked technology option,A1 — Gas district reference (not low-carbon),13,-17799347.63,-16183492.93
Worked technology option,A1 — Gas district reference (not low-carbon),14,-17731153.63,-15907550.77
Worked technology option,A1 — Gas district reference (not low-carbon),15,-17669439.6,-15631608.61
Worked technology option,A1 — Gas district reference (not low-carbon),16,-17613589.81,-15355666.45
Worked technology option,A1 — Gas district reference (not low-carbon),17,-17563047.0,-15079724.29
Worked technology option,A1 — Gas district reference (not low-carbon),18,-17517306.91,-14803782.14
Worked technology option,A1 — Gas district reference (not low-carbon),19,-17475913.16,-14527839.98
Worked technology option,A1 — Gas district reference (not low-carbon),20,-17591176.64,-15376897.82
Worked technology option,A1 — Gas district reference (not low-carbon),21,-17557275.81,-15100955.66
Worked technology option,A1 — Gas district reference (not low-carbon),22,-17526596.34,-14825013.5
Worked technology option,A1 — Gas district reference (not low-carbon),23,-17498832.11,-14549071.35
Worked technology option,A1 — Gas district reference (not low-carbon),24,-17473706.1,-14273129.19
Worked technology option,A1 — Gas district reference (not low-carbon),25,-17450967.64,-13997187.03
Worked technology option,A1 — Gas district reference (not low-carbon),26,-17430389.85,-13721244.87
Worked technology option,A1 — Gas district reference (not low-carbon),27,-17411767.41,-13445302.71
Worked technology option,A1 — Gas district reference (not low-carbon),28,-17394914.52,-13169360.55
Worked technology option,A1 — Gas district reference (not low-carbon),29,-17379663.04,-12893418.4
Worked technology option,A1 — Gas district reference (not low-carbon),30,-17365860.8,-12617476.24
Worked technology option,A1 — Gas district reference (not low-carbon),31,-17353370.08,-12341534.08
Worked technology option,A1 — Gas district reference (not low-carbon),32,-17342066.26,-12065591.92
Worked technology option,A1 — Gas district reference (not low-carbon),33,-17331836.56,-11789649.76
Worked technology option,A1 — Gas district reference (not low-carbon),34,-17322578.91,-11513707.61
Worked technology option,A1 — Gas district reference (not low-carbon),35,-17314200.95,-11237765.45
Worked technology option,A1 — Gas district reference (not low-carbon),36,-17306619.09,-10961823.29
Worked technology option,A1 — Gas district reference (not low-carbon),37,-17299757.67,-10685881.13
Worked technology option,A1 — Gas district reference (not low-carbon),38,-17293548.25,-10409938.97
Worked technology option,A1 — Gas district reference (not low-carbon),39,-17287928.86,-10133996.82
Worked technology option,A1 — Gas district reference (not low-carbon),40,-17303576.4,-10983054.66
Worked technology option,A3 — ASHP plus gas peak/backup,0,-20450116.23,-20450116.23
Worked technology option,A3 — ASHP plus gas peak/backup,1,-20990166.07,-21046871.3
Worked technology option,A3 — ASHP plus gas peak/backup,2,-21517119.47,-21690294.57
Worked technology option,A3 — ASHP plus gas peak/backup,3,-22018501.33,-22366775.35
Worked technology option,A3 — ASHP plus gas peak/backup,4,-22472240.58,-23043256.12
Worked technology option,A3 — ASHP plus gas peak/backup,5,-22882864.33,-23719736.89
Worked technology option,A3 — ASHP plus gas peak/backup,6,-23254469.54,-24396217.66
Worked technology option,A3 — ASHP plus gas peak/backup,7,-23590763.84,-25072698.43
Worked technology option,A3 — ASHP plus gas peak/backup,8,-23895102.58,-25749179.21
Worked technology option,A3 — ASHP plus gas peak/backup,9,-24170522.25,-26425659.98
Worked technology option,A3 — ASHP plus gas peak/backup,10,-24419770.82,-27102140.75
Worked technology option,A3 — ASHP plus gas peak/backup,11,-24645335.13,-27778621.52
Worked technology option,A3 — ASHP plus gas peak/backup,12,-24849465.74,-28455102.29
Worked technology option,A3 — ASHP plus gas peak/backup,13,-25034199.32,-29131583.07
Worked technology option,A3 — ASHP plus gas peak/backup,14,-25201379.03,-29808063.84
Worked technology option,A3 — ASHP plus gas peak/backup,15,-25578110.48,-31492544.61
Worked technology option,A3 — ASHP plus gas peak/backup,16,-25715028.0,-32169025.38
Worked technology option,A3 — ASHP plus gas peak/backup,17,-25838935.25,-32845506.15
Worked technology option,A3 — ASHP plus gas peak/backup,18,-25951068.51,-33521986.93
Worked technology option,A3 — ASHP plus gas peak/backup,19,-26052546.58,-34198467.7
Worked technology option,A3 — ASHP plus gas peak/backup,20,-26243652.46,-35606198.47
Worked technology option,A3 — ASHP plus gas peak/backup,21,-26326761.37,-36282679.24
Worked technology option,A3 — ASHP plus gas peak/backup,22,-26401973.06,-36959160.01
Worked technology option,A3 — ASHP plus gas peak/backup,23,-26470037.94,-37635640.79
Worked technology option,A3 — ASHP plus gas peak/backup,24,-26531635.11,-38312121.56
Worked technology option,A3 — ASHP plus gas peak/backup,25,-26587379.16,-38988602.33
Worked technology option,A3 — ASHP plus gas peak/backup,26,-26637826.26,-39665083.1
Worked technology option,A3 — ASHP plus gas peak/backup,27,-26683479.75,-40341563.87
Worked technology option,A3 — ASHP plus gas peak/backup,28,-26724795.12,-41018044.65
Worked technology option,A3 — ASHP plus gas peak/backup,29,-26762184.6,-41694525.42
Worked technology option,A3 — ASHP plus gas peak/backup,30,-26846439.99,-43379006.19
Worked technology option,A3 — ASHP plus gas peak/backup,31,-26877061.38,-44055486.96
Worked technology option,A3 — ASHP plus gas peak/backup,32,-26904773.04,-44731967.73
Worked technology option,A3 — ASHP plus gas peak/backup,33,-26929851.47,-45408448.51
Worked technology option,A3 — ASHP plus gas peak/backup,34,-26952546.87,-46084929.28
Worked technology option,A3 — ASHP plus gas peak/backup,35,-26973085.71,-46761410.05
Worked technology option,A3 — ASHP plus gas peak/backup,36,-26991672.88,-47437890.82
Worked technology option,A3 — ASHP plus gas peak/backup,37,-27008493.86,-48114371.6
Worked technology option,A3 — ASHP plus gas peak/backup,38,-27023716.46,-48790852.37
Worked technology option,A3 — ASHP plus gas peak/backup,39,-27037492.57,-49467333.14
Worked technology option,A3 — ASHP plus gas peak/backup,40,-27063436.07,-50875063.91
Worked technology option,A4 — Data-centre heat plus booster and backup,0,-23121022.23,-23121022.23
Worked technology option,A4 — Data-centre heat plus booster and backup,1,-23772729.87,-23841159.17
Worked technology option,A4 — Data-centre heat plus booster and backup,2,-24448420.61,-24666194.46
Worked technology option,A4 — Data-centre heat plus booster and backup,3,-25114976.64,-25565533.6
Worked technology option,A4 — Data-centre heat plus booster and backup,4,-25718194.76,-26464872.73
Worked technology option,A4 — Data-centre heat plus booster and backup,5,-26264093.51,-27364211.87
Worked technology option,A4 — Data-centre heat plus booster and backup,6,-26758119.54,-28263551.0
Worked technology option,A4 — Data-centre heat plus booster and backup,7,-27205201.91,-29162890.14
Worked technology option,A4 — Data-centre heat plus booster and backup,8,-27609801.34,-30062229.28
Worked technology option,A4 — Data-centre heat plus booster and backup,9,-27975954.67,-30961568.41
Worked technology option,A4 — Data-centre heat plus booster and backup,10,-28307315.15,-31860907.55
Worked technology option,A4 — Data-centre heat plus booster and backup,11,-28607188.89,-32760246.68
Worked technology option,A4 — Data-centre heat plus booster and backup,12,-28878567.84,-33659585.82
Worked technology option,A4 — Data-centre heat plus booster and backup,13,-29124159.65,-34558924.96
Worked technology option,A4 — Data-centre heat plus booster and backup,14,-29346414.68,-35458264.09
Worked technology option,A4 — Data-centre heat plus booster and backup,15,-29789090.75,-37437603.23
Worked technology option,A4 — Data-centre heat plus booster and backup,16,-29971114.07,-38336942.36
Worked technology option,A4 — Data-centre heat plus booster and backup,17,-30135841.06,-39236281.5
Worked technology option,A4 — Data-centre heat plus booster and backup,18,-30284915.26,-40135620.63
Worked technology option,A4 — Data-centre heat plus booster and backup,19,-30419824.04,-41034959.77
Worked technology option,A4 — Data-centre heat plus booster and backup,20,-30656456.35,-42778048.91
Worked technology option,A4 — Data-centre heat plus booster and backup,21,-30766944.49,-43677388.04
Worked technology option,A4 — Data-centre heat plus booster and backup,22,-30866933.75,-44576727.18
Worked technology option,A4 — Data-centre heat plus booster and backup,23,-30957421.77,-45476066.31
Worked technology option,A4 — Data-centre heat plus booster and backup,24,-31039311.39,-46375405.45
Worked technology option,A4 — Data-centre heat plus booster and backup,25,-31181945.97,-48106344.58
Worked technology option,A4 — Data-centre heat plus booster and backup,26,-31249012.26,-49005683.72
Worked technology option,A4 — Data-centre heat plus booster and backup,27,-31309705.73,-49905022.86
Worked technology option,A4 — Data-centre heat plus booster and backup,28,-31364631.95,-50804361.99
Worked technology option,A4 — Data-centre heat plus booster and backup,29,-31414338.94,-51703701.13
Worked technology option,A4 — Data-centre heat plus booster and backup,30,-31513342.74,-53683040.26
Worked technology option,A4 — Data-centre heat plus booster and backup,31,-31554051.97,-54582379.4
Worked technology option,A4 — Data-centre heat plus booster and backup,32,-31590892.9,-55481718.54
Worked technology option,A4 — Data-centre heat plus booster and backup,33,-31624233.11,-56381057.67
Worked technology option,A4 — Data-centre heat plus booster and backup,34,-31654405.24,-57280396.81
Worked technology option,A4 — Data-centre heat plus booster and backup,35,-31681710.34,-58179735.94
Worked technology option,A4 — Data-centre heat plus booster and backup,36,-31706420.84,-59079075.08
Worked technology option,A4 — Data-centre heat plus booster and backup,37,-31728783.28,-59978414.21
Worked technology option,A4 — Data-centre heat plus booster and backup,38,-31749020.78,-60877753.35
Worked technology option,A4 — Data-centre heat plus booster and backup,39,-31767335.27,-61777092.49
Worked technology option,A4 — Data-centre heat plus booster and backup,40,-31799459.18,-63520181.62
Worked technology option,A5 — EfW export plus ASHP and backup,0,-23243116.23,-23243116.23
Worked technology option,A5 — EfW export plus ASHP and backup,1,-23411820.63,-23429534.6
Worked technology option,A5 — EfW export plus ASHP and backup,2,-23389307.07,-23402044.97
Worked technology option,A5 — EfW export plus ASHP and backup,3,-23256633.93,-23223038.04
Worked technology option,A5 — EfW export plus ASHP and backup,4,-23136567.73,-23044031.1
Worked technology option,A5 — EfW export plus ASHP and backup,5,-23027910.54,-22865024.17
Worked technology option,A5 — EfW export plus ASHP and backup,6,-22929578.25,-22686017.24
Worked technology option,A5 — EfW export plus ASHP and backup,7,-22840589.74,-22507010.3
Worked technology option,A5 — EfW export plus ASHP and backup,8,-22760057.16,-22328003.37
Worked technology option,A5 — EfW export plus ASHP and backup,9,-22687176.99,-22148996.44
Worked technology option,A5 — EfW export plus ASHP and backup,10,-22621222.09,-21969989.5
Worked technology option,A5 — EfW export plus ASHP and backup,11,-22561534.4,-21790982.57
Worked technology option,A5 — EfW export plus ASHP and backup,12,-22507518.39,-21611975.64
Worked technology option,A5 — EfW export plus ASHP and backup,13,-22458635.12,-21432968.7
Worked technology option,A5 — EfW export plus ASHP and backup,14,-22414396.87,-21253961.77
Worked technology option,A5 — EfW export plus ASHP and backup,15,-22599799.85,-22082954.83
Worked technology option,A5 — EfW export plus ASHP and backup,16,-22563569.43,-21903947.9
Worked technology option,A5 — EfW export plus ASHP and backup,17,-22530781.72,-21724940.97
Worked technology option,A5 — EfW export plus ASHP and backup,18,-22501109.58,-21545934.03
Worked technology option,A5 — EfW export plus ASHP and backup,19,-22474256.97,-21366927.1
Worked technology option,A5 — EfW export plus ASHP and backup,20,-22533954.09,-21806670.17
Worked technology option,A5 — EfW export plus ASHP and backup,21,-22511962.23,-21627663.23
Worked technology option,A5 — EfW export plus ASHP and backup,22,-22492060.09,-21448656.3
Worked technology option,A5 — EfW export plus ASHP and backup,23,-22474049.11,-21269649.37
Worked technology option,A5 — EfW export plus ASHP and backup,24,-22457749.58,-21090642.43
Worked technology option,A5 — EfW export plus ASHP and backup,25,-22538792.36,-22074135.5
Worked technology option,A5 — EfW export plus ASHP and backup,26,-22525443.3,-21895128.57
Worked technology option,A5 — EfW export plus ASHP and backup,27,-22513362.71,-21716121.63
Worked technology option,A5 — EfW export plus ASHP and backup,28,-22502430.04,-21537114.7
Worked technology option,A5 — EfW export plus ASHP and backup,29,-22492536.22,-21358107.76
Worked technology option,A5 — EfW export plus ASHP and backup,30,-22534001.31,-22187100.83
Worked technology option,A5 — EfW export plus ASHP and backup,31,-22525898.43,-22008093.9
Worked technology option,A5 — EfW export plus ASHP and backup,32,-22518565.51,-21829086.96
Worked technology option,A5 — EfW export plus ASHP and backup,33,-22511929.39,-21650080.03
Worked technology option,A5 — EfW export plus ASHP and backup,34,-22505923.84,-21471073.1
Worked technology option,A5 — EfW export plus ASHP and backup,35,-22500488.96,-21292066.16
Worked technology option,A5 — EfW export plus ASHP and backup,36,-22495570.51,-21113059.23
Worked technology option,A5 — EfW export plus ASHP and backup,37,-22491119.43,-20934052.3
Worked technology option,A5 — EfW export plus ASHP and backup,38,-22487091.3,-20755045.36
Worked technology option,A5 — EfW export plus ASHP and backup,39,-22483445.94,-20576038.43
Worked technology option,A5 — EfW export plus ASHP and backup,40,-22491550.1,-21015781.5
Worked technology option,A6 — Four-pipe heating and cooling,0,-28519656.07,-28519656.07
Worked technology option,A6 — Four-pipe heating and cooling,1,-29170632.93,-29238985.5
Worked technology option,A6 — Four-pipe heating and cooling,2,-29785848.31,-29990178.86
Worked technology option,A6 — Four-pipe heating and cooling,3,-30359332.86,-30763942.93
Worked technology option,A6 — Four-pipe heating and cooling,4,-30878323.41,-31537707.01
Worked technology option,A6 — Four-pipe heating and cooling,5,-31347998.12,-32311471.08
Worked technology option,A6 — Four-pipe heating and cooling,6,-31773043.1,-33085235.15
Worked technology option,A6 — Four-pipe heating and cooling,7,-32157699.19,-33858999.23
Worked technology option,A6 — Four-pipe heating and cooling,8,-32505804.25,-34632763.3
Worked technology option,A6 — Four-pipe heating and cooling,9,-32820831.46,-35406527.38
Worked technology option,A6 — Four-pipe heating and cooling,10,-33105923.95,-36180291.45
Worked technology option,A6 — Four-pipe heating and cooling,11,-33363926.21,-36954055.52
Worked technology option,A6 — Four-pipe heating and cooling,12,-33597412.41,-37727819.6
Worked technology option,A6 — Four-pipe heating and cooling,13,-33808712.15,-38501583.67
Worked technology option,A6 — Four-pipe heating and cooling,14,-33999933.62,-39275347.75
Worked technology option,A6 — Four-pipe heating and cooling,15,-34468200.64,-41369111.82
Worked technology option,A6 — Four-pipe heating and cooling,16,-34624807.98,-42142875.9
Worked technology option,A6 — Four-pipe heating and cooling,17,-34766534.08,-42916639.97
Worked technology option,A6 — Four-pipe heating and cooling,18,-34894793.0,-43690404.04
Worked technology option,A6 — Four-pipe heating and cooling,19,-35010864.41,-44464168.12
Worked technology option,A6 — Four-pipe heating and cooling,20,-35215176.94,-45969182.19
Worked technology option,A6 — Four-pipe heating and cooling,21,-35310237.58,-46742946.27
Worked technology option,A6 — Four-pipe heating and cooling,22,-35396265.31,-47516710.34
Worked technology option,A6 — Four-pipe heating and cooling,23,-35474118.45,-48290474.42
Worked technology option,A6 — Four-pipe heating and cooling,24,-35544573.79,-49064238.49
Worked technology option,A6 — Four-pipe heating and cooling,25,-35608334.27,-49838002.56
Worked technology option,A6 — Four-pipe heating and cooling,26,-35666036.07,-50611766.64
Worked technology option,A6 — Four-pipe heating and cooling,27,-35718254.89,-51385530.71
Worked technology option,A6 — Four-pipe heating and cooling,28,-35765511.74,-52159294.79
Worked technology option,A6 — Four-pipe heating and cooling,29,-35808278.12,-52933058.86
Worked technology option,A6 — Four-pipe heating and cooling,30,-35913005.3,-55026822.94
Worked technology option,A6 — Four-pipe heating and cooling,31,-35948030.28,-55800587.01
Worked technology option,A6 — Four-pipe heating and cooling,32,-35979727.1,-56574351.08
Worked technology option,A6 — Four-pipe heating and cooling,33,-36008412.0,-57348115.16
Worked technology option,A6 — Four-pipe heating and cooling,34,-36034371.19,-58121879.23
Worked technology option,A6 — Four-pipe heating and cooling,35,-36057863.67,-58895643.31
Worked technology option,A6 — Four-pipe heating and cooling,36,-36079123.83,-59669407.38
Worked technology option,A6 — Four-pipe heating and cooling,37,-36098363.8,-60443171.46
Worked technology option,A6 — Four-pipe heating and cooling,38,-36115775.53,-61216935.53
Worked technology option,A6 — Four-pipe heating and cooling,39,-36131532.75,-61990699.6
Worked technology option,A6 — Four-pipe heating and cooling,40,-36159269.11,-63495713.68
Route/commercial feasibility,F1 - Dense town-centre core / public appraisal,0,-16322272.0,-16322272.0
Route/commercial feasibility,F1 - Dense town-centre core / public appraisal,1,-11733936.4,-11573344.66
Route/commercial feasibility,F1 - Dense town-centre core / public appraisal,2,-11974289.89,-11830817.32
Route/commercial feasibility,F1 - Dense town-centre core / public appraisal,3,-12206515.47,-12088289.98
Route/commercial feasibility,F1 - Dense town-centre core / public appraisal,4,-12430888.02,-12345762.63
Route/commercial feasibility,F1 - Dense town-centre core / public appraisal,5,-12647673.09,-12603235.29
Route/commercial feasibility,F1 - Dense town-centre core / public appraisal,6,-12857127.26,-12860707.95
Route/commercial feasibility,F1 - Dense town-centre core / public appraisal,7,-13059498.44,-13118180.61
Route/commercial feasibility,F1 - Dense town-centre core / public appraisal,8,-13255026.16,-13375653.27
Route/commercial feasibility,F1 - Dense town-centre core / public appraisal,9,-13443941.82,-13633125.93
Route/commercial feasibility,F1 - Dense town-centre core / public appraisal,10,-13626469.03,-13890598.58
Route/commercial feasibility,F1 - Dense town-centre core / public appraisal,11,-13802823.83,-14148071.24
Route/commercial feasibility,F1 - Dense town-centre core / public appraisal,12,-13973214.93,-14405543.9
Route/commercial feasibility,F1 - Dense town-centre core / public appraisal,13,-14137844.02,-14663016.56
Route/commercial feasibility,F1 - Dense town-centre core / public appraisal,14,-14296905.94,-14920489.22
Route/commercial feasibility,F1 - Dense town-centre core / public appraisal,15,-14450588.95,-15177961.88
Route/commercial feasibility,F1 - Dense town-centre core / public appraisal,16,-14599074.96,-15435434.53
Route/commercial feasibility,F1 - Dense town-centre core / public appraisal,17,-14742539.69,-15692907.19
Route/commercial feasibility,F1 - Dense town-centre core / public appraisal,18,-14881152.97,-15950379.85
Route/commercial feasibility,F1 - Dense town-centre core / public appraisal,19,-15015078.84,-16207852.51
Route/commercial feasibility,F1 - Dense town-centre core / public appraisal,20,-16317967.15,-18800325.17
Route/commercial feasibility,F1 - Dense town-centre core / public appraisal,21,-16442988.38,-19057797.83
Route/commercial feasibility,F1 - Dense town-centre core / public appraisal,22,-16563781.84,-19315270.48
Route/commercial feasibility,F1 - Dense town-centre core / public appraisal,23,-16680490.5,-19572743.14
Route/commercial feasibility,F1 - Dense town-centre core / public appraisal,24,-16793252.49,-19830215.8
Route/commercial feasibility,F1 - Dense town-centre core / public appraisal,25,-16902201.27,-20087688.46
Route/commercial feasibility,F1 - Dense town-centre core / public appraisal,26,-17007465.79,-20345161.12
Route/commercial feasibility,F1 - Dense town-centre core / public appraisal,27,-17109170.64,-20602633.78
Route/commercial feasibility,F1 - Dense town-centre core / public appraisal,28,-17207436.2,-20860106.44
Route/commercial feasibility,F1 - Dense town-centre core / public appraisal,29,-17302378.77,-21117579.09
Route/commercial feasibility,F1 - Dense town-centre core / public appraisal,30,-17570254.76,-21869451.75
Route/commercial feasibility,F1 - Dense town-centre core / public appraisal,31,-17658884.67,-22126924.41
Route/commercial feasibility,F1 - Dense town-centre core / public appraisal,32,-17744517.42,-22384397.07
Route/commercial feasibility,F1 - Dense town-centre core / public appraisal,33,-17827254.38,-22641869.73
Route/commercial feasibility,F1 - Dense town-centre core / public appraisal,34,-17907193.48,-22899342.39
Route/commercial feasibility,F1 - Dense town-centre core / public appraisal,35,-17984429.32,-23156815.04
Route/commercial feasibility,F1 - Dense town-centre core / public appraisal,36,-18059053.32,-23414287.7
Route/commercial feasibility,F1 - Dense town-centre core / public appraisal,37,-18131153.8,-23671760.36
Route/commercial feasibility,F1 - Dense town-centre core / public appraisal,38,-18200816.1,-23929233.02
Route/commercial feasibility,F1 - Dense town-centre core / public appraisal,39,-18268122.68,-24186705.68
Route/commercial feasibility,F1 - Dense town-centre core / public appraisal,40,-18922909.9,-26779178.34
Route/commercial feasibility,F2 - Compact anchor cluster / private hurdle,0,-13113921.49,-13113921.49
Route/commercial feasibility,F2 - Compact anchor cluster / private hurdle,1,-5772259.5,-5001385.0
Route/commercial feasibility,F2 - Compact anchor cluster / private hurdle,2,-5961824.43,-5232848.51
Route/commercial feasibility,F2 - Compact anchor cluster / private hurdle,3,-6133376.4,-5464312.02
Route/commercial feasibility,F2 - Compact anchor cluster / private hurdle,4,-6288627.04,-5695775.53
Route/commercial feasibility,F2 - Compact anchor cluster / private hurdle,5,-6429125.37,-5927239.04
Route/commercial feasibility,F2 - Compact anchor cluster / private hurdle,6,-6556273.17,-6158702.55
Route/commercial feasibility,F2 - Compact anchor cluster / private hurdle,7,-6671339.06,-6390166.06
Route/commercial feasibility,F2 - Compact anchor cluster / private hurdle,8,-6775471.09,-6621629.57
Route/commercial feasibility,F2 - Compact anchor cluster / private hurdle,9,-6869708.21,-6853093.08
Route/commercial feasibility,F2 - Compact anchor cluster / private hurdle,10,-6954990.68,-7084556.6
Route/commercial feasibility,F2 - Compact anchor cluster / private hurdle,11,-7032169.38,-7316020.11
Route/commercial feasibility,F2 - Compact anchor cluster / private hurdle,12,-7102014.36,-7547483.62
Route/commercial feasibility,F2 - Compact anchor cluster / private hurdle,13,-7165222.49,-7778947.13
Route/commercial feasibility,F2 - Compact anchor cluster / private hurdle,14,-7222424.42,-8010410.64
Route/commercial feasibility,F2 - Compact anchor cluster / private hurdle,15,-7274190.86,-8241874.15
Route/commercial feasibility,F2 - Compact anchor cluster / private hurdle,16,-7321038.33,-8473337.66
Route/commercial feasibility,F2 - Compact anchor cluster / private hurdle,17,-7363434.22,-8704801.17
Route/commercial feasibility,F2 - Compact anchor cluster / private hurdle,18,-7401801.55,-8936264.68
Route/commercial feasibility,F2 - Compact anchor cluster / private hurdle,19,-7436523.11,-9167728.19
Route/commercial feasibility,F2 - Compact anchor cluster / private hurdle,20,-7784932.25,-11734191.7
Route/commercial feasibility,F2 - Compact anchor cluster / private hurdle,21,-7813368.65,-11965655.22
Route/commercial feasibility,F2 - Compact anchor cluster / private hurdle,22,-7839102.96,-12197118.73
Route/commercial feasibility,F2 - Compact anchor cluster / private hurdle,23,-7862391.92,-12428582.24
Route/commercial feasibility,F2 - Compact anchor cluster / private hurdle,24,-7883467.9,-12660045.75
Route/commercial feasibility,F2 - Compact anchor cluster / private hurdle,25,-7902541.19,-12891509.26
Route/commercial feasibility,F2 - Compact anchor cluster / private hurdle,26,-7919802.09,-13122972.77
Route/commercial feasibility,F2 - Compact anchor cluster / private hurdle,27,-7935422.81,-13354436.28
Route/commercial feasibility,F2 - Compact anchor cluster / private hurdle,28,-7949559.2,-13585899.79
Route/commercial feasibility,F2 - Compact anchor cluster / private hurdle,29,-7962352.32,-13817363.3
Route/commercial feasibility,F2 - Compact anchor cluster / private hurdle,30,-7998659.01,-14543226.81
Route/commercial feasibility,F2 - Compact anchor cluster / private hurdle,31,-8009136.37,-14774690.32
Route/commercial feasibility,F2 - Compact anchor cluster / private hurdle,32,-8018618.15,-15006153.84
Route/commercial feasibility,F2 - Compact anchor cluster / private hurdle,33,-8027198.94,-15237617.35
Route/commercial feasibility,F2 - Compact anchor cluster / private hurdle,34,-8034964.36,-15469080.86
Route/commercial feasibility,F2 - Compact anchor cluster / private hurdle,35,-8041991.89,-15700544.37
Route/commercial feasibility,F2 - Compact anchor cluster / private hurdle,36,-8048351.65,-15932007.88
Route/commercial feasibility,F2 - Compact anchor cluster / private hurdle,37,-8054107.09,-16163471.39
Route/commercial feasibility,F2 - Compact anchor cluster / private hurdle,38,-8059315.63,-16394934.9
Route/commercial feasibility,F2 - Compact anchor cluster / private hurdle,39,-8064029.24,-16626398.41
Route/commercial feasibility,F2 - Compact anchor cluster / private hurdle,40,-8111327.37,-19192861.92
Route/commercial feasibility,F3 - Extended lower-density route / reject,0,-19061050.81,-19061050.81
Route/commercial feasibility,F3 - Extended lower-density route / reject,1,-14534171.15,-14375730.37
Route/commercial feasibility,F3 - Extended lower-density route / reject,2,-14833902.36,-14696809.92
Route/commercial feasibility,F3 - Extended lower-density route / reject,3,-15123497.72,-15017889.48
Route/commercial feasibility,F3 - Extended lower-density route / reject,4,-15403300.0,-15338969.04
Route/commercial feasibility,F3 - Extended lower-density route / reject,5,-15673640.38,-15660048.59
Route/commercial feasibility,F3 - Extended lower-density route / reject,6,-15934838.8,-15981128.15
Route/commercial feasibility,F3 - Extended lower-density route / reject,7,-16187204.43,-16302207.71
Route/commercial feasibility,F3 - Extended lower-density route / reject,8,-16431035.96,-16623287.26
Route/commercial feasibility,F3 - Extended lower-density route / reject,9,-16666621.97,-16944366.82
Route/commercial feasibility,F3 - Extended lower-density route / reject,10,-16894241.31,-17265446.38
Route/commercial feasibility,F3 - Extended lower-density route / reject,11,-17114163.38,-17586525.93
Route/commercial feasibility,F3 - Extended lower-density route / reject,12,-17326648.46,-17907605.49
Route/commercial feasibility,F3 - Extended lower-density route / reject,13,-17531948.07,-18228685.05
Route/commercial feasibility,F3 - Extended lower-density route / reject,14,-17730305.17,-18549764.6
Route/commercial feasibility,F3 - Extended lower-density route / reject,15,-17921954.55,-18870844.16
Route/commercial feasibility,F3 - Extended lower-density route / reject,16,-18107123.02,-19191923.72
Route/commercial feasibility,F3 - Extended lower-density route / reject,17,-18286029.77,-19513003.27
Route/commercial feasibility,F3 - Extended lower-density route / reject,18,-18458886.52,-19834082.83
Route/commercial feasibility,F3 - Extended lower-density route / reject,19,-18625897.88,-20155162.39
Route/commercial feasibility,F3 - Extended lower-density route / reject,20,-19960752.85,-22811241.94
Route/commercial feasibility,F3 - Extended lower-density route / reject,21,-20116659.74,-23132321.5
Route/commercial feasibility,F3 - Extended lower-density route / reject,22,-20267294.42,-23453401.06
Route/commercial feasibility,F3 - Extended lower-density route / reject,23,-20412835.17,-23774480.61
Route/commercial feasibility,F3 - Extended lower-density route / reject,24,-20553454.25,-24095560.17
Route/commercial feasibility,F3 - Extended lower-density route / reject,25,-20689318.1,-24416639.73
Route/commercial feasibility,F3 - Extended lower-density route / reject,26,-20820587.52,-24737719.28
Route/commercial feasibility,F3 - Extended lower-density route / reject,27,-20947417.87,-25058798.84
Route/commercial feasibility,F3 - Extended lower-density route / reject,28,-21069959.28,-25379878.4
Route/commercial feasibility,F3 - Extended lower-density route / reject,29,-21188356.77,-25700957.95
Route/commercial feasibility,F3 - Extended lower-density route / reject,30,-21478894.53,-26516437.51
Route/commercial feasibility,F3 - Extended lower-density route / reject,31,-21589419.86,-26837517.07
Route/commercial feasibility,F3 - Extended lower-density route / reject,32,-21696207.62,-27158596.62
Route/commercial feasibility,F3 - Extended lower-density route / reject,33,-21799384.19,-27479676.18
Route/commercial feasibility,F3 - Extended lower-density route / reject,34,-21899071.71,-27800755.74
Route/commercial feasibility,F3 - Extended lower-density route / reject,35,-21995388.14,-28121835.29
Route/commercial feasibility,F3 - Extended lower-density route / reject,36,-22088447.5,-28442914.85
Route/commercial feasibility,F3 - Extended lower-density route / reject,37,-22178359.93,-28763994.41
Route/commercial feasibility,F3 - Extended lower-density route / reject,38,-22265231.84,-29085073.96
Route/commercial feasibility,F3 - Extended lower-density route / reject,39,-22349166.05,-29406153.52
Route/commercial feasibility,F3 - Extended lower-density route / reject,40,-23020018.62,-32062233.08
Data-centre waste heat,DC1 - Data-centre-only service stress test,0,-12580615.32,-12580615.32
Data-centre waste heat,DC1 - Data-centre-only service stress test,1,-5225022.56,-4452685.31
Data-centre waste heat,DC1 - Data-centre-only service stress test,2,-5401980.43,-4668755.3
Data-centre waste heat,DC1 - Data-centre-only service stress test,3,-5562123.31,-4884825.3
Data-centre waste heat,DC1 - Data-centre-only service stress test,4,-5707048.98,-5100895.29
Data-centre waste heat,DC1 - Data-centre-only service stress test,5,-5838203.44,-5316965.28
Data-centre waste heat,DC1 - Data-centre-only service stress test,6,-5956895.26,-5533035.27
Data-centre waste heat,DC1 - Data-centre-only service stress test,7,-6064308.67,-5749105.26
Data-centre waste heat,DC1 - Data-centre-only service stress test,8,-6161515.38,-5965175.25
Data-centre waste heat,DC1 - Data-centre-only service stress test,9,-6249485.25,-6181245.24
Data-centre waste heat,DC1 - Data-centre-only service stress test,10,-6329095.99,-6397315.23
Data-centre waste heat,DC1 - Data-centre-only service stress test,11,-6401141.91,-6613385.22
Data-centre waste heat,DC1 - Data-centre-only service stress test,12,-6466341.84,-6829455.21
Data-centre waste heat,DC1 - Data-centre-only service stress test,13,-6525346.3,-7045525.2
Data-centre waste heat,DC1 - Data-centre-only service stress test,14,-6578744.0,-7261595.19
Data-centre waste heat,DC1 - Data-centre-only service stress test,15,-7230918.44,-10177665.18
Data-centre waste heat,DC1 - Data-centre-only service stress test,16,-7274650.3,-10393735.17
Data-centre waste heat,DC1 - Data-centre-only service stress test,17,-7314226.65,-10609805.16
Data-centre waste heat,DC1 - Data-centre-only service stress test,18,-7350042.35,-10825875.15
Data-centre waste heat,DC1 - Data-centre-only service stress test,19,-7382454.75,-11041945.14
Data-centre waste heat,DC1 - Data-centre-only service stress test,20,-7411787.24,-11258015.13
Data-centre waste heat,DC1 - Data-centre-only service stress test,21,-7438332.48,-11474085.12
Data-centre waste heat,DC1 - Data-centre-only service stress test,22,-7462355.32,-11690155.11
Data-centre waste heat,DC1 - Data-centre-only service stress test,23,-7484095.44,-11906225.1
Data-centre waste heat,DC1 - Data-centre-only service stress test,24,-7503769.77,-12122295.1
Data-centre waste heat,DC1 - Data-centre-only service stress test,25,-7626267.6,-13608865.09
Data-centre waste heat,DC1 - Data-centre-only service stress test,26,-7642380.56,-13824935.08
Data-centre waste heat,DC1 - Data-centre-only service stress test,27,-7656962.42,-14041005.07
Data-centre waste heat,DC1 - Data-centre-only service stress test,28,-7670158.67,-14257075.06
Data-centre waste heat,DC1 - Data-centre-only service stress test,29,-7682100.98,-14473145.05
Data-centre waste heat,DC1 - Data-centre-only service stress test,30,-7827958.76,-17389215.04
Data-centre waste heat,DC1 - Data-centre-only service stress test,31,-7837739.33,-17605285.03
Data-centre waste heat,DC1 - Data-centre-only service stress test,32,-7846590.51,-17821355.02
Data-centre waste heat,DC1 - Data-centre-only service stress test,33,-7854600.64,-18037425.01
Data-centre waste heat,DC1 - Data-centre-only service stress test,34,-7861849.62,-18253495.0
Data-centre waste heat,DC1 - Data-centre-only service stress test,35,-7868409.78,-18469564.99
Data-centre waste heat,DC1 - Data-centre-only service stress test,36,-7874346.58,-18685634.98
Data-centre waste heat,DC1 - Data-centre-only service stress test,37,-7879719.25,-18901704.97
Data-centre waste heat,DC1 - Data-centre-only service stress test,38,-7884581.4,-19117774.96
Data-centre waste heat,DC1 - Data-centre-only service stress test,39,-7888981.53,-19333844.95
Data-centre waste heat,DC1 - Data-centre-only service stress test,40,-7892963.55,-19549914.94
Data-centre waste heat,DC2 - Typical air-cooled data centre plus reserve,0,-13934409.49,-13934409.49
Data-centre waste heat,DC2 - Typical air-cooled data centre plus reserve,1,-6941586.42,-6207340.0
Data-centre waste heat,DC2 - Typical air-cooled data centre plus reserve,2,-7446842.66,-6824270.5
Data-centre waste heat,DC2 - Typical air-cooled data centre plus reserve,3,-7904088.14,-7441201.01
Data-centre waste heat,DC2 - Typical air-cooled data centre plus reserve,4,-8317884.95,-8058131.52
Data-centre waste heat,DC2 - Typical air-cooled data centre plus reserve,5,-8692361.69,-8675062.03
Data-centre waste heat,DC2 - Typical air-cooled data centre plus reserve,6,-9031254.68,-9291992.54
Data-centre waste heat,DC2 - Typical air-cooled data centre plus reserve,7,-9337945.17,-9908923.05
Data-centre waste heat,DC2 - Typical air-cooled data centre plus reserve,8,-9615493.12,-10525853.56
Data-centre waste heat,DC2 - Typical air-cooled data centre plus reserve,9,-9866667.73,-11142784.07
Data-centre waste heat,DC2 - Typical air-cooled data centre plus reserve,10,-10093975.08,-11759714.58
Data-centre waste heat,DC2 - Typical air-cooled data centre plus reserve,11,-10299683.08,-12376645.09
Data-centre waste heat,DC2 - Typical air-cooled data centre plus reserve,12,-10485844.17,-12993575.6
Data-centre waste heat,DC2 - Typical air-cooled data centre plus reserve,13,-10654315.74,-13610506.11
Data-centre waste heat,DC2 - Typical air-cooled data centre plus reserve,14,-10806778.71,-14227436.62
Data-centre waste heat,DC2 - Typical air-cooled data centre plus reserve,15,-11492245.56,-17292367.13
Data-centre waste heat,DC2 - Typical air-cooled data centre plus reserve,16,-11617110.3,-17909297.64
Data-centre waste heat,DC2 - Typical air-cooled data centre plus reserve,17,-11730110.06,-18526228.15
Data-centre waste heat,DC2 - Typical air-cooled data centre plus reserve,18,-11832372.29,-19143158.66
Data-centre waste heat,DC2 - Typical air-cooled data centre plus reserve,19,-11924917.29,-19760089.16
Data-centre waste heat,DC2 - Typical air-cooled data centre plus reserve,20,-12008668.42,-20377019.67
Data-centre waste heat,DC2 - Typical air-cooled data centre plus reserve,21,-12084461.3,-20993950.18
Data-centre waste heat,DC2 - Typical air-cooled data centre plus reserve,22,-12153052.14,-21610880.69
Data-centre waste heat,DC2 - Typical air-cooled data centre plus reserve,23,-12215125.3,-22227811.2
Data-centre waste heat,DC2 - Typical air-cooled data centre plus reserve,24,-12271300.11,-22844741.71
Data-centre waste heat,DC2 - Typical air-cooled data centre plus reserve,25,-12390663.37,-24293272.22
Data-centre waste heat,DC2 - Typical air-cooled data centre plus reserve,26,-12436669.64,-24910202.73
Data-centre waste heat,DC2 - Typical air-cooled data centre plus reserve,27,-12478304.28,-25527133.24
Data-centre waste heat,DC2 - Typical air-cooled data centre plus reserve,28,-12515982.68,-26144063.75
Data-centre waste heat,DC2 - Typical air-cooled data centre plus reserve,29,-12550080.78,-26760994.26
Data-centre waste heat,DC2 - Typical air-cooled data centre plus reserve,30,-12754903.53,-30855924.77
Data-centre waste heat,DC2 - Typical air-cooled data centre plus reserve,31,-12782829.33,-31472855.28
Data-centre waste heat,DC2 - Typical air-cooled data centre plus reserve,32,-12808101.55,-32089785.79
Data-centre waste heat,DC2 - Typical air-cooled data centre plus reserve,33,-12830972.33,-32706716.3
Data-centre waste heat,DC2 - Typical air-cooled data centre plus reserve,34,-12851669.87,-33323646.81
Data-centre waste heat,DC2 - Typical air-cooled data centre plus reserve,35,-12870400.68,-33940577.32
Data-centre waste heat,DC2 - Typical air-cooled data centre plus reserve,36,-12887351.64,-34557507.82
Data-centre waste heat,DC2 - Typical air-cooled data centre plus reserve,37,-12902691.87,-35174438.33
Data-centre waste heat,DC2 - Typical air-cooled data centre plus reserve,38,-12916574.44,-35791368.84
Data-centre waste heat,DC2 - Typical air-cooled data centre plus reserve,39,-12929137.84,-36408299.35
Data-centre waste heat,DC2 - Typical air-cooled data centre plus reserve,40,-12940507.44,-37025229.86
Data-centre waste heat,DC3 - Compact liquid-cooled baseload hybrid,0,-10965445.32,-10965445.32
Data-centre waste heat,DC3 - Compact liquid-cooled baseload hybrid,1,-3553952.83,-2775746.12
Data-centre waste heat,DC3 - Compact liquid-cooled baseload hybrid,2,-3680322.72,-2930046.92
Data-centre waste heat,DC3 - Compact liquid-cooled baseload hybrid,3,-3794684.62,-3084347.71
Data-centre waste heat,DC3 - Compact liquid-cooled baseload hybrid,4,-3898179.54,-3238648.51
Data-centre waste heat,DC3 - Compact liquid-cooled baseload hybrid,5,-3991840.11,-3392949.31
Data-centre waste heat,DC3 - Compact liquid-cooled baseload hybrid,6,-4076600.8,-3547250.1
Data-centre waste heat,DC3 - Compact liquid-cooled baseload hybrid,7,-4153307.31,-3701550.9
Data-centre waste heat,DC3 - Compact liquid-cooled baseload hybrid,8,-4222724.97,-3855851.7
Data-centre waste heat,DC3 - Compact liquid-cooled baseload hybrid,9,-4285546.37,-4010152.49
Data-centre waste heat,DC3 - Compact liquid-cooled baseload hybrid,10,-4342398.33,-4164453.29
Data-centre waste heat,DC3 - Compact liquid-cooled baseload hybrid,11,-4393848.06,-4318754.09
Data-centre waste heat,DC3 - Compact liquid-cooled baseload hybrid,12,-4440408.9,-4473054.88
Data-centre waste heat,DC3 - Compact liquid-cooled baseload hybrid,13,-4482545.41,-4627355.68
Data-centre waste heat,DC3 - Compact liquid-cooled baseload hybrid,14,-4520678.0,-4781656.48
Data-centre waste heat,DC3 - Compact liquid-cooled baseload hybrid,15,-4812830.1,-6087957.27
Data-centre waste heat,DC3 - Compact liquid-cooled baseload hybrid,16,-4844060.09,-6242258.07
Data-centre waste heat,DC3 - Compact liquid-cooled baseload hybrid,17,-4872322.51,-6396558.87
Data-centre waste heat,DC3 - Compact liquid-cooled baseload hybrid,18,-4897899.37,-6550859.66
Data-centre waste heat,DC3 - Compact liquid-cooled baseload hybrid,19,-4921045.84,-6705160.46
Data-centre waste heat,DC3 - Compact liquid-cooled baseload hybrid,20,-4941992.88,-6859461.26
Data-centre waste heat,DC3 - Compact liquid-cooled baseload hybrid,21,-4960949.48,-7013762.05
Data-centre waste heat,DC3 - Compact liquid-cooled baseload hybrid,22,-4978104.77,-7168062.85
Data-centre waste heat,DC3 - Compact liquid-cooled baseload hybrid,23,-4993629.92,-7322363.65
Data-centre waste heat,DC3 - Compact liquid-cooled baseload hybrid,24,-5007679.82,-7476664.44
Data-centre waste heat,DC3 - Compact liquid-cooled baseload hybrid,25,-5058464.86,-8092965.24
Data-centre waste heat,DC3 - Compact liquid-cooled baseload hybrid,26,-5069971.51,-8247266.04
Data-centre waste heat,DC3 - Compact liquid-cooled baseload hybrid,27,-5080384.77,-8401566.83
Data-centre waste heat,DC3 - Compact liquid-cooled baseload hybrid,28,-5089808.53,-8555867.63
Data-centre waste heat,DC3 - Compact liquid-cooled baseload hybrid,29,-5098336.83,-8710168.43
Data-centre waste heat,DC3 - Compact liquid-cooled baseload hybrid,30,-5215195.36,-11046469.22
Data-centre waste heat,DC3 - Compact liquid-cooled baseload hybrid,31,-5222179.89,-11200770.02
Data-centre waste heat,DC3 - Compact liquid-cooled baseload hybrid,32,-5228500.74,-11355070.82
Data-centre waste heat,DC3 - Compact liquid-cooled baseload hybrid,33,-5234220.96,-11509371.61
Data-centre waste heat,DC3 - Compact liquid-cooled baseload hybrid,34,-5239397.64,-11663672.41
Data-centre waste heat,DC3 - Compact liquid-cooled baseload hybrid,35,-5244082.41,-11817973.21
Data-centre waste heat,DC3 - Compact liquid-cooled baseload hybrid,36,-5248322.02,-11972274.0
Data-centre waste heat,DC3 - Compact liquid-cooled baseload hybrid,37,-5252158.77,-12126574.8
Data-centre waste heat,DC3 - Compact liquid-cooled baseload hybrid,38,-5255630.95,-12280875.6
Data-centre waste heat,DC3 - Compact liquid-cooled baseload hybrid,39,-5258773.19,-12435176.39
Data-centre waste heat,DC3 - Compact liquid-cooled baseload hybrid,40,-5261616.84,-12589477.19
Data-centre waste heat,DC4 - Same compact hybrid without grant or contributions,0,-15727558.32,-15727558.32
Data-centre waste heat,DC4 - Same compact hybrid without grant or contributions,1,-15867197.05,-15881859.12
Data-centre waste heat,DC4 - Same compact hybrid without grant or contributions,2,-15993566.95,-16036159.92
Data-centre waste heat,DC4 - Same compact hybrid without grant or contributions,3,-16107928.84,-16190460.71
Data-centre waste heat,DC4 - Same compact hybrid without grant or contributions,4,-16211423.76,-16344761.51
Data-centre waste heat,DC4 - Same compact hybrid without grant or contributions,5,-16305084.33,-16499062.31
Data-centre waste heat,DC4 - Same compact hybrid without grant or contributions,6,-16389845.02,-16653363.1
Data-centre waste heat,DC4 - Same compact hybrid without grant or contributions,7,-16466551.53,-16807663.9
Data-centre waste heat,DC4 - Same compact hybrid without grant or contributions,8,-16535969.19,-16961964.7
Data-centre waste heat,DC4 - Same compact hybrid without grant or contributions,9,-16598790.6,-17116265.49
Data-centre waste heat,DC4 - Same compact hybrid without grant or contributions,10,-16655642.55,-17270566.29
Data-centre waste heat,DC4 - Same compact hybrid without grant or contributions,11,-16707092.28,-17424867.09
Data-centre waste heat,DC4 - Same compact hybrid without grant or contributions,12,-16753653.12,-17579167.88
Data-centre waste heat,DC4 - Same compact hybrid without grant or contributions,13,-16795789.63,-17733468.68
Data-centre waste heat,DC4 - Same compact hybrid without grant or contributions,14,-16833922.22,-17887769.48
Data-centre waste heat,DC4 - Same compact hybrid without grant or contributions,15,-17126074.33,-19194070.27
Data-centre waste heat,DC4 - Same compact hybrid without grant or contributions,16,-17157304.31,-19348371.07
Data-centre waste heat,DC4 - Same compact hybrid without grant or contributions,17,-17185566.73,-19502671.87
Data-centre waste heat,DC4 - Same compact hybrid without grant or contributions,18,-17211143.59,-19656972.66
Data-centre waste heat,DC4 - Same compact hybrid without grant or contributions,19,-17234290.07,-19811273.46
Data-centre waste heat,DC4 - Same compact hybrid without grant or contributions,20,-17255237.1,-19965574.26
Data-centre waste heat,DC4 - Same compact hybrid without grant or contributions,21,-17274193.7,-20119875.05
Data-centre waste heat,DC4 - Same compact hybrid without grant or contributions,22,-17291348.99,-20274175.85
Data-centre waste heat,DC4 - Same compact hybrid without grant or contributions,23,-17306874.14,-20428476.65
Data-centre waste heat,DC4 - Same compact hybrid without grant or contributions,24,-17320924.05,-20582777.44
Data-centre waste heat,DC4 - Same compact hybrid without grant or contributions,25,-17371709.08,-21199078.24
Data-centre waste heat,DC4 - Same compact hybrid without grant or contributions,26,-17383215.73,-21353379.04
Data-centre waste heat,DC4 - Same compact hybrid without grant or contributions,27,-17393628.99,-21507679.83
Data-centre waste heat,DC4 - Same compact hybrid without grant or contributions,28,-17403052.76,-21661980.63
Data-centre waste heat,DC4 - Same compact hybrid without grant or contributions,29,-17411581.05,-21816281.43
Data-centre waste heat,DC4 - Same compact hybrid without grant or contributions,30,-17528439.58,-24152582.22
Data-centre waste heat,DC4 - Same compact hybrid without grant or contributions,31,-17535424.11,-24306883.02
Data-centre waste heat,DC4 - Same compact hybrid without grant or contributions,32,-17541744.96,-24461183.82
Data-centre waste heat,DC4 - Same compact hybrid without grant or contributions,33,-17547465.18,-24615484.61
Data-centre waste heat,DC4 - Same compact hybrid without grant or contributions,34,-17552641.86,-24769785.41
Data-centre waste heat,DC4 - Same compact hybrid without grant or contributions,35,-17557326.63,-24924086.21
Data-centre waste heat,DC4 - Same compact hybrid without grant or contributions,36,-17561566.24,-25078387.0
Data-centre waste heat,DC4 - Same compact hybrid without grant or contributions,37,-17565403.0,-25232687.8
Data-centre waste heat,DC4 - Same compact hybrid without grant or contributions,38,-17568875.17,-25386988.6
Data-centre waste heat,DC4 - Same compact hybrid without grant or contributions,39,-17572017.41,-25541289.39
Data-centre waste heat,DC4 - Same compact hybrid without grant or contributions,40,-17574861.07,-25695590.19
